dpi_true_id,school_name,accurate_agency_type,address,milwaukee_indicator,cfc_school,geometry
0000_1304,Blessed Sacrament Catholic School,Private School,"3126 S 41st St, Milwaukee, WI 53215",1,TRUE,"c(-87.96489901, 42.98799398)"
8003_8123,Bruce Guadalupe,Public Charter School,"1028 S 9th St, Milwaukee, WI 53204",1,TRUE,"c(-87.92210303, 43.02066501)"
3619_0407,Carmen High School of Science and Technology South Campus,Public Charter School,"1712 S 32nd St, Milwaukee, WI 53215",1,TRUE,"c(-87.95341203, 43.01194699)"
3619_0451,Carmen High School of Science and Technology Southeast Campus,Public Charter School,"2500 W Oklahoma Ave, Milwaukee, WI 53215",1,TRUE,"c(-87.94572398, 42.98929599)"
8027_8152,Carmen Middle School South,Public Charter School,"2433 S 15th St, Milwaukee, WI 53215",1,TRUE,"c(-87.93156301, 43.00033399)"
3619_0444,Carmen Middle/High School of Science and Technology Northwest Campus,Public Charter School,"5496 N 72nd St, Milwaukee, WI 53218",1,TRUE,"c(-88.00059804, 43.11767502)"
0000_0309,Catholic East Elementary,Private School,"2461 N Murray Ave, Milwaukee, WI 53211",1,TRUE,"c(-87.88582799, 43.06293398)"
0000_1712,Cristo Rey Jesuit Milwaukee High School,Private School,"1818 W National Ave, Milwaukee, WI 53204",1,TRUE,"c(-87.93549798, 43.02357399)"
8009_8109,Darrell Lynn Hines Academy,Public Charter School,"7151 N 86th St, Milwaukee, WI 53224",1,TRUE,"c(-88.01911903, 43.14776702)"
8011_8127,Dr Howard Fuller Collegiate Academy,Public Charter School,"4030 N 29th St, Milwaukee, WI 53216",1,TRUE,"c(-87.94886896, 43.09038199)"
8026_8131,Escuela Verde,Public Charter School,"3628 W Pierce St, Milwaukee, WI 53215",1,TRUE,"c(-87.95980801, 43.02383002)"
0000_1165,Granville Lutheran School,Private School,"8242 N Granville Rd, Milwaukee, WI 53224",1,TRUE,"c(-88.03321798, 43.16728)"
3619_0880,HAPA-Hmong American Peace Academy K3-12,Public Charter School,"4601 N 84th St, Milwaukee, WI 53225",1,TRUE,"c(-88.01864604, 43.10143399)"
3619_0852,Highland Community School,Public Charter School,"1706 W Highland Ave, Milwaukee, WI 53233",1,TRUE,"c(-87.93474604, 43.04479601)"
0000_1703,Hope Christian School Caritas,Private School,"8920 W Brown Deer Rd, Milwaukee, WI 53224",1,TRUE,"c(-88.02238504, 43.17843699)"
0000_1729,Hope Christian School Fidelis,Private School,"4200 W Douglas Ave, Milwaukee, WI 53209",1,TRUE,"c(-87.964466, 43.13102001)"
0000_1439,Hope Christian School Fortis,Private School,"3601 N Port Washington Ave, Milwaukee, WI 53212",1,TRUE,"c(-87.91769197, 43.08300801)"
0000_1315,Hope Christian School Prima,Private School,"2345 N 25th St, Milwaukee, WI 53206",1,TRUE,"c(-87.94578299, 43.061514)"
0000_1656,Hope Christian School Semper,Private School,"3040 W Capitol Dr, Milwaukee, WI 53216",1,TRUE,"c(-87.95176298, 43.09031598)"
0000_1774,Kingdom Prep Lutheran High School,Private School,"2520 N Wauwatosa Ave, Wauwatosa, WI 53213",1,TRUE,"c(-88.00738342, 43.06487709)"
3619_1121,La Causa Charter School,Public Charter School,"1643 S 2nd St, Milwaukee, WI 53204",1,TRUE,"c(-87.91291797, 43.01298999)"
0000_1770,Marquette University High School,Private School,"3401 W Wisconsin Ave, Milwaukee, WI 53208",1,TRUE,"c(-87.955779, 43.03816001)"
0000_1606,Messmer High School,Private School,"742 W Capitol Dr, Milwaukee, WI 53206",1,TRUE,"c(-87.92038499, 43.089859)"
8008_8106,Milwaukee Academy of Science,Public Charter School,"2000 W Kilbourn Ave, Milwaukee, WI 53233",1,TRUE,"c(-87.93946002, 43.04234401)"
3619_0123,Milwaukee College Preparatory School -- 36th Street Campus,Public Charter School,"2449 N 36th St, Milwaukee, WI 53210",1,TRUE,"c(-87.95898399, 43.06329399)"
3619_0111,Milwaukee College Preparatory School -- 38th Street,Public Charter School,"2623 N 38th St, Milwaukee, WI 53210",1,TRUE,"c(-87.96162596, 43.06666699)"
3619_0145,Milwaukee College Preparatory School -- Lloyd Street,Public Charter School,"1228 W Lloyd St, Milwaukee, WI 53205",1,TRUE,"c(-87.92777598, 43.058435)"
3619_0121,Milwaukee College Preparatory School: Lola Rowe North Campus,Public Charter School,"1350 W North Ave, Milwaukee, WI 53205",1,TRUE,"c(-87.92947902, 43.06091202)"
0000_1870,Milwaukee Lutheran High School,Private School,"9700 W Grantosa Dr, Milwaukee, WI 53222",1,TRUE,"c(-88.03410302, 43.09637501)"
0000_1996,Nativity Jesuit Academy,Private School,"1515 S 29th St, Milwaukee, WI 53215",1,TRUE,"c(-87.95108396, 43.01558901)"
0000_1575,Northwest Catholic School,Private School,"7140 N 41st St, Milwaukee, WI 53209",1,TRUE,"c(-87.96267798, 43.147499)"
0000_2030,Northwest Lutheran School,Private School,"4119 N 81st St, Milwaukee, WI 53222",1,TRUE,"c(-88.01439197, 43.09197501)"
0000_1095,Notre Dame School of Milwaukee,Private School,"1420 W Scott St, Milwaukee, WI 53204",1,TRUE,"c(-87.92980801, 43.01939699)"
0000_1931,Notre Dame School of Milwaukee,Private School,"1215 S 45th St, West Milwaukee, WI 53214",1,TRUE,"c(-87.97040701, 43.01833601)"
0000_2240,Our Lady Queen of Peace,Private School,"2733 W Euclid Ave, Milwaukee, WI 53215",1,TRUE,"c(-87.95001602, 42.98629602)"
8017_8139,Pathways High,Public Charter School,"3022 W Wisconsin Ave, Milwaukee, WI 53208",1,TRUE,"c(-87.95232599, 43.03933302)"
0000_2291,Pilgrim Lutheran School,Private School,"6717 W Center St, Wauwatosa, WI 53210",1,TRUE,"c(-87.99692702, 43.06781598)"
0000_2300,Pius XI Catholic High School,Private School,"135 N 76th St, Milwaukee, WI 53213",1,TRUE,"c(-88.00853604, 43.03194701)"
0000_1205,Prince of Peace,Private School,"1114 S 25th St, Milwaukee, WI 53204",1,TRUE,"c(-87.94461497, 43.01981898)"
8002_8133,Rocketship Southside Community Prep,Public Charter School,"3003 W Cleveland Ave, Milwaukee, WI 53215",1,TRUE,"c(-87.95177597, 42.99555899)"
8002_8140,Rocketship Transformation Prep,Public Charter School,"5501 N 68th St N, Milwaukee, WI 53218",1,TRUE,"c(-87.99665201, 43.11792702)"
0000_2750,Saint Adalbert School,Private School,"1913 W Becher St, Milwaukee, WI 53215",1,TRUE,"c(-87.93715399, 43.00629801)"
0000_3100,Saint Anthony School,Private School,"1727 S 9th Street, Milwaukee, WI 53204",1,TRUE,"c(-87.92306401, 43.01165002)"
0000_1745,Saint Augustine Preparatory Academy,Private School,"2607 S 5th St, Milwaukee, WI 53207",1,TRUE,"c(-87.91736499, 42.99739001)"
0000_3410,Saint Catherine School,Private School,"2647 N 51st St, Milwaukee, WI 53210",1,TRUE,"c(-87.97800403, 43.06711001)"
0000_3455,Saint Charles Borromeo Catholic School,Private School,"3100 W Parnell Ave, Milwaukee, WI 53221",1,TRUE,"c(-87.95456002, 42.94263699)"
0000_4210,Saint Joan Antida High School,Private School,"1341 N Cass St, Milwaukee, WI 53202",1,TRUE,"c(-87.90297997, 43.04778101)"
0000_8224,Saint Joseph Academy,Private School,"1600 W Oklahoma Ave, Milwaukee, WI 53215",1,TRUE,"c(-87.93440397, 42.98915798)"
0000_5710,Saint Marcus Lutheran School,Private School,"2215 N Palmer St, Milwaukee, WI 53212",1,TRUE,"c(-87.91035302, 43.059515)"
0000_5720,Saint Margaret Mary School,Private School,"3950 N 92nd St, Milwaukee, WI 53222",1,TRUE,"c(-88.02608104, 43.08877899)"
0000_1948,Saint Mary Czestochowa,Private School,"3027 N Fratney St, Milwaukee, WI 53212",1,TRUE,"c(-87.901849, 43.073694)"
0000_7400,Saint Peter Immanuel Lutheran School,Private School,"7801 W Acacia St, Milwaukee, WI 53223",1,TRUE,"c(-88.00751596, 43.13680499)"
0000_1200,Saint Rafael the Archangel School,Private School,"2251 S 31st St, Milwaukee, WI 53215",1,TRUE,"c(-87.953708, 43.00377099)"
0000_7670,Saint Roman Parish School,Private School,"1810 W Bolivar Ave, Milwaukee, WI 53221",1,TRUE,"c(-87.93713002, 42.96719098)"
0000_1947,Saint Rose,Private School,"514 N 31st St, Milwaukee, WI 53208",1,TRUE,"c(-87.95220697, 43.03648899)"
0000_7980,Saint Thomas Aquinas Academy,Private School,"341 E Norwich St, Milwaukee, WI 53207",1,TRUE,"c(-87.905603, 42.97159198)"
8001_8121,Seeds of Health Elementary Program,Public Charter School,"1445 S 32nd St, Milwaukee, WI 53215",1,TRUE,"c(-87.95452699, 43.01601301)"
8001_8115,Tenor High,Public Charter School,"918 Vel R Phillips Ave, Milwaukee, WI 53203",1,TRUE,"c(-87.91561996, 43.042049)"
8003_8137,United Community Center Acosta Middle School,Public Charter School,"1038 S 6th Street, Milwaukee, WI 53204",1,TRUE,"c(-87.91800101, 43.02045701)"
8001_8124,Veritas High,Public Charter School,"3025 W Oklahoma Ave, Milwaukee, WI 53215",1,TRUE,"c(-87.95276302, 42.98819402)"
0000_8720,Wisconsin Lutheran High School,Private School,"330 N Glenview Ave, Milwaukee, WI 53213",1,TRUE,"c(-88.0170851, 43.03179465)"
